time,open,high,low,close,tick_volume,line_y,point_y,signal
2025-01-02 11:30:00,156.803,156.842,156.76,156.827,930,,,
2025-01-02 11:45:00,156.821,156.849,156.766,156.778,952,,,
2025-01-02 12:00:00,156.778,156.93,156.777,156.911,1019,,,
2025-01-02 12:15:00,156.91,156.965,156.816,156.87,1385,,,
2025-01-02 12:30:00,156.869,156.977,156.854,156.942,1345,,,
2025-01-02 12:45:00,156.942,157.157,156.941,157.125,1644,,,
2025-01-02 13:00:00,157.12,157.171,157.04,157.129,1417,,,
2025-01-02 13:15:00,157.131,157.258,157.098,157.251,1024,,,
2025-01-02 13:30:00,157.251,157.266,157.188,157.235,1225,,,
2025-01-02 13:45:00,157.235,157.274,157.149,157.19,1274,,,
2025-01-02 14:00:00,157.188,157.202,157.087,157.125,1115,,,
2025-01-02 14:15:00,157.124,157.133,157.064,157.13,1320,,157.274,
2025-01-02 14:30:00,157.129,157.183,157.078,157.132,1570,,157.2698,
2025-01-02 14:45:00,157.133,157.139,157.004,157.068,1397,,157.265684,
2025-01-02 15:00:00,157.066,157.111,156.955,157.005,1413,,157.25521664,
2025-01-02 15:15:00,157.003,157.044,156.805,156.841,1720,,157.2372036416,
2025-01-02 15:30:00,156.857,157.226,156.744,156.75,3021,,,
2025-01-02 15:45:00,156.753,156.907,156.703,156.816,2900,,157.226,
2025-01-02 16:00:00,156.815,157.082,156.776,157.004,2537,,157.226,
2025-01-02 16:15:00,157.004,157.036,156.663,156.744,2608,,157.21554,
2025-01-02 16:30:00,156.744,156.945,156.627,156.877,2658,156.98809523809524,157.1934384,
2025-01-02 16:45:00,156.878,157.107,156.878,157.017,2159,156.99714285714285,157.159452096,
2025-01-02 17:00:00,157.015,157.128,156.939,157.005,2580,157.0079523809524,,
2025-01-02 17:15:00,157.006,157.006,156.774,156.985,2847,157.0114761904762,,
2025-01-02 17:30:00,156.985,157.156,156.957,157.035,2739,157.01933333333332,,
2025-01-02 17:45:00,157.038,157.175,157.03,157.133,2633,157.02842857142858,,
2025-01-02 18:00:00,157.134,157.47,157.119,157.381,3115,157.04061904761906,,
2025-01-02 18:15:00,157.381,157.508,157.331,157.507,2240,157.05861904761906,,
2025-01-02 18:30:00,157.506,157.663,157.466,157.654,1896,157.07780952380952,,
2025-01-02 18:45:00,157.652,157.739,157.599,157.648,1727,157.0974761904762,,
2025-01-02 19:00:00,157.65,157.74,157.562,157.651,1858,157.11942857142859,,
2025-01-02 19:15:00,157.652,157.84,157.6,157.755,1776,157.1494285714286,,
2025-01-02 19:30:00,157.758,157.805,157.513,157.527,2091,157.16833333333335,,
2025-01-02 19:45:00,157.528,157.58,157.481,157.552,1790,157.18833333333333,,
2025-01-02 20:00:00,157.553,157.623,157.516,157.582,1337,157.21280952380954,,
2025-01-02 20:15:00,157.582,157.586,157.454,157.548,1287,157.2386666666667,157.84,
2025-01-02 20:30:00,157.548,157.555,157.478,157.527,1263,157.27133333333333,157.83228,
2025-01-02 20:45:00,157.527,157.529,157.481,157.489,1187,157.3065238095238,157.8247144,
2025-01-02 21:00:00,157.487,157.54,157.462,157.527,690,157.34038095238097,157.817300112,
2025-01-02 21:15:00,157.527,157.637,157.527,157.589,978,157.3682380952381,157.81003410976,sell
2025-01-02 21:30:00,157.589,157.629,157.549,157.598,1306,157.40890476190475,157.80291342756482,
2025-01-02 21:45:00,157.599,157.663,157.58,157.609,1000,157.4437619047619,157.7959351590135,
2025-01-02 22:00:00,157.607,157.642,157.588,157.626,1056,157.4727619047619,157.78909645583323,
2025-01-02 22:15:00,157.626,157.626,157.567,157.58,648,157.50014285714286,157.78239452671656,
2025-01-02 22:30:00,157.579,157.617,157.554,157.603,819,157.52957142857144,157.77582663618222,
2025-01-02 22:45:00,157.603,157.617,157.585,157.615,883,157.55719047619047,157.76939010345856,
2025-01-02 23:00:00,157.616,157.622,157.543,157.56,857,157.5775238095238,157.7630823013894,
2025-01-02 23:15:00,157.561,157.581,157.541,157.549,319,157.5855238095238,157.75690065536162,
2025-01-02 23:30:00,157.551,157.565,157.498,157.504,375,157.58538095238094,157.75084264225438,
2025-01-02 23:45:00,157.503,157.535,157.445,157.445,972,157.57542857142857,157.7449057894093,
2025-01-03 00:00:00,157.379,157.462,157.349,157.442,35,157.56561904761904,157.73290955783293,
2025-01-03 00:15:00,157.442,157.451,157.432,157.451,228,157.55609523809522,157.70987498436295,
2025-01-03 00:30:00,157.451,157.458,157.441,157.442,225,157.54119047619048,157.68822248530117,
2025-01-03 00:45:00,157.441,157.456,157.438,157.45,80,157.5375238095238,157.6678691361831,
2025-01-03 01:00:00,157.45,157.503,157.436,157.474,285,157.53380952380954,157.6487369880121,
2025-01-03 01:15:00,157.474,157.536,157.473,157.528,391,157.53123809523808,157.63075276873138,
2025-01-03 01:30:00,157.53,157.556,157.513,157.537,290,157.53071428571428,157.6138476026075,
2025-01-03 01:45:00,157.537,157.549,157.34,157.348,906,157.52219047619047,157.59795674645105,
2025-01-03 02:00:00,157.348,157.36,157.256,157.332,1626,157.51471428571426,157.57732020673495,
2025-01-03 02:15:00,157.331,157.357,157.284,157.326,1225,157.50514285714286,157.549,
2025-01-03 02:30:00,157.327,157.392,157.283,157.348,893,157.49366666666668,157.5197,
2025-01-03 02:45:00,157.348,157.35,157.161,157.199,1395,157.47466666666665,157.49333000000001,
2025-01-03 03:00:00,157.198,157.269,157.173,157.243,1188,157.4572380952381,157.4534504,
2025-01-03 03:15:00,157.243,157.348,157.222,157.331,1182,157.44319047619047,157.41835635200002,
2025-01-03 03:30:00,157.331,157.394,157.318,157.36,1014,157.4327142857143,,
2025-01-03 03:45:00,157.359,157.363,157.258,157.269,826,157.41680952380952,,
2025-01-03 04:00:00,157.269,157.312,157.248,157.311,1066,157.40233333333333,,
2025-01-03 04:15:00,157.311,157.344,157.292,157.294,905,157.38966666666667,,
2025-01-03 04:30:00,157.293,157.336,157.275,157.28,835,157.37685714285715,,
2025-01-03 04:45:00,157.28,157.327,157.235,157.299,1054,157.36709523809523,,
2025-01-03 05:00:00,157.299,157.299,157.247,157.267,854,157.35861904761904,,
2025-01-03 05:15:00,157.266,157.376,157.263,157.357,1279,157.35457142857143,,
2025-01-03 05:30:00,157.356,157.387,157.346,157.375,1039,157.35095238095238,,buy
2025-01-03 05:45:00,157.376,157.447,157.173,157.296,816,157.344,157.447,
2025-01-03 06:00:00,157.298,157.336,157.236,157.3,1414,157.33685714285713,157.447,
2025-01-03 06:15:00,157.299,157.379,157.281,157.359,858,157.33138095238095,157.447,
2025-01-03 06:30:00,157.36,157.368,157.315,157.338,701,157.32233333333332,157.44152,
2025-01-03 06:45:00,157.339,157.339,157.262,157.27,853,157.30961904761904,157.4361496,
2025-01-03 07:00:00,157.27,157.332,157.226,157.326,1056,157.30857142857144,157.43088660799998,
2025-01-03 07:15:00,157.325,157.345,157.271,157.275,1025,157.30585714285715,157.42572887583998,
2025-01-03 07:30:00,157.274,157.305,157.25,157.269,889,157.3031428571429,157.42067429832318,
2025-01-03 07:45:00,157.27,157.305,157.253,157.287,872,157.3002380952381,157.4157208123567,
2025-01-03 08:00:00,157.287,157.287,157.225,157.26,777,157.30314285714286,157.41086639610958,
2025-01-03 08:15:00,157.259,157.274,157.23,157.242,697,157.30309523809524,157.4061090681874,
2025-01-03 08:30:00,157.241,157.263,157.187,157.217,674,157.2976666666667,157.40144688682363,
2025-01-03 08:45:00,157.217,157.217,157.116,157.161,801,157.2881904761905,157.39687794908716,
2025-01-03 09:00:00,157.159,157.175,157.028,157.037,1263,157.27714285714288,157.38564283112368,
2025-01-03 09:15:00,157.041,157.217,157.036,157.213,1964,157.2724761904762,157.36418426125624,
2025-01-03 09:30:00,157.214,157.252,157.186,157.187,1115,157.26738095238096,157.34401320558086,
2025-01-03 09:45:00,157.188,157.201,157.069,157.129,1339,157.26019047619047,157.325052413246,
2025-01-03 10:00:00,157.128,157.26,157.117,157.256,1589,157.25814285714287,157.30722926845124,
2025-01-03 10:15:00,157.255,157.361,157.236,157.298,1050,157.25961904761905,,buy
2025-01-03 10:30:00,157.298,157.411,157.265,157.372,1176,157.26033333333334,,
2025-01-03 10:45:00,157.372,157.385,157.302,157.323,733,157.25785714285715,,
2025-01-03 11:00:00,157.322,157.322,157.152,157.176,1408,157.25214285714287,,
2025-01-03 11:15:00,157.174,157.22,157.074,157.208,1360,157.24776190476192,157.411,
2025-01-03 11:30:00,157.209,157.254,157.157,157.243,1337,157.2422380952381,157.40426,
2025-01-03 11:45:00,157.244,157.27,157.211,157.239,1131,157.23752380952382,157.3976548,
2025-01-03 12:00:00,157.238,157.269,157.156,157.243,1015,157.2362380952381,157.391181704,
2025-01-03 12:15:00,157.244,157.271,157.19,157.266,819,157.23338095238097,157.38483806992,
2025-01-03 12:30:00,157.264,157.342,157.246,157.311,849,157.23509523809523,157.3786213085216,
2025-01-03 12:45:00,157.311,157.374,157.29,157.362,746,157.2395238095238,,
2025-01-03 13:00:00,157.362,157.379,157.312,157.371,773,157.24352380952382,,
2025-01-03 13:15:00,157.372,157.373,157.217,157.251,598,157.24309523809526,,
2025-01-03 13:30:00,157.25,157.262,157.21,157.244,703,157.24319047619048,,
2025-01-03 13:45:00,157.243,157.243,157.19,157.233,778,157.24395238095238,,
2025-01-03 14:00:00,157.233,157.245,157.193,157.199,841,157.2457619047619,,
2025-01-03 14:15:00,157.2,157.2,157.096,157.099,1289,157.24871428571427,157.379,
2025-01-03 14:30:00,157.098,157.135,157.051,157.087,1122,157.24271428571427,157.37333999999998,
2025-01-03 14:45:00,157.086,157.184,157.079,157.152,1166,157.2410476190476,157.36044639999997,
2025-01-03 15:00:00,157.151,157.156,157.012,157.12,1509,157.24061904761905,157.34806854399997,
2025-01-03 15:15:00,157.12,157.216,157.114,157.163,1099,157.23619047619044,157.32790443135997,
2025-01-03 15:30:00,157.162,157.179,157.09,157.154,1060,157.22933333333333,157.30895016547836,
2025-01-03 15:45:00,157.151,157.227,157.143,157.172,934,157.21980952380952,157.29113315554966,
2025-01-03 16:00:00,157.174,157.257,157.161,157.224,1270,157.21509523809522,157.2743851662167,
2025-01-03 16:15:00,157.225,157.282,157.198,157.257,1104,157.21895238095237,,buy
2025-01-03 16:30:00,157.258,157.301,157.215,157.22,1775,157.2195238095238,,
2025-01-03 16:45:00,157.22,157.239,157.062,157.062,1704,157.21090476190477,,
2025-01-03 17:00:00,157.075,157.435,157.075,157.418,2733,157.21942857142855,,buy
2025-01-03 17:15:00,157.42,157.447,157.324,157.42,2052,157.22785714285715,,
2025-01-03 17:30:00,157.42,157.484,157.36,157.408,1938,157.23461904761902,,
2025-01-03 17:45:00,157.409,157.456,157.356,157.391,1993,157.23842857142859,,
2025-01-03 18:00:00,157.392,157.394,157.303,157.371,1336,157.23885714285714,,
2025-01-03 18:15:00,157.373,157.381,157.32,157.335,1348,157.23714285714286,,
2025-01-03 18:30:00,157.335,157.338,157.195,157.212,1197,157.23528571428574,157.484,
2025-01-03 18:45:00,157.211,157.276,157.19,157.193,913,157.23285714285714,157.47822000000002,sell
2025-01-03 19:00:00,157.193,157.199,156.903,156.93,1546,157.21842857142857,157.4666912,
2025-01-03 19:15:00,156.932,156.987,156.864,156.94,1014,157.20609523809523,157.43286972800001,
2025-01-03 19:30:00,156.94,157.08,156.932,157.079,1083,157.20514285714285,157.38736014976,
2025-01-03 19:45:00,157.081,157.172,157.069,157.157,1269,157.2084761904762,157.3454913377792,
2025-01-03 20:00:00,157.156,157.229,157.154,157.166,765,157.20914285714287,157.30697203075687,
2025-01-03 20:15:00,157.166,157.194,157.116,157.134,827,157.20980952380955,157.2715342682963,
2025-01-03 20:30:00,157.133,157.148,157.095,157.114,515,157.2074761904762,157.2389315268326,
2025-01-03 20:45:00,157.115,157.187,157.112,157.153,461,157.20742857142858,157.208937004686,
2025-01-03 21:00:00,157.152,157.18,157.103,157.127,507,157.2052857142857,157.187,
2025-01-03 21:15:00,157.127,157.129,157.094,157.105,692,157.19961904761905,157.187,
2025-01-03 21:30:00,157.109,157.145,157.094,157.126,421,157.19338095238095,157.18,
2025-01-03 21:45:00,157.126,157.215,157.123,157.193,711,157.19209523809525,,buy
2025-01-03 22:00:00,157.193,157.231,157.15,157.15,708,157.1962857142857,,
2025-01-03 22:15:00,157.15,157.158,157.128,157.154,504,157.1837142857143,,
2025-01-03 22:30:00,157.153,157.27,157.129,157.262,750,157.1761904761905,,
2025-01-03 22:45:00,157.261,157.344,157.244,157.329,837,157.17242857142858,,
2025-01-03 23:00:00,157.328,157.352,157.261,157.352,429,157.17057142857144,,
2025-01-03 23:15:00,157.352,157.354,157.316,157.325,426,157.16838095238094,,
2025-01-03 23:30:00,157.323,157.362,157.315,157.32,421,157.16766666666666,,
2025-01-03 23:45:00,157.322,157.324,157.225,157.249,438,157.16942857142857,,
2025-01-06 00:00:00,157.142,157.205,157.142,157.204,17,157.1699523809524,,
2025-01-06 00:15:00,157.204,157.222,157.178,157.204,68,157.183,,
2025-01-06 00:30:00,157.205,157.229,157.176,157.221,89,157.19638095238093,,
2025-01-06 00:45:00,157.221,157.367,157.198,157.312,501,157.2074761904762,,
2025-01-06 01:00:00,157.318,157.499,157.315,157.494,520,157.2235238095238,,
2025-01-06 01:15:00,157.492,157.511,157.422,157.424,1152,157.2358095238095,,
2025-01-06 01:30:00,157.424,157.459,157.389,157.418,931,157.24933333333334,,
2025-01-06 01:45:00,157.418,157.517,157.412,157.493,803,157.26738095238096,,
2025-01-06 02:00:00,157.504,157.7,157.487,157.687,1515,157.29280952380952,,
2025-01-06 02:15:00,157.688,157.743,157.626,157.715,1475,157.32080952380952,,
2025-01-06 02:30:00,157.715,157.82,157.708,157.745,1615,157.35128571428572,,
2025-01-06 02:45:00,157.745,157.795,157.505,157.578,2067,157.3728095238095,157.82,
2025-01-06 03:00:00,157.58,157.643,157.477,157.535,1498,157.38909523809525,157.82,
2025-01-06 03:15:00,157.534,157.607,157.474,157.589,1493,157.41,157.80628,
2025-01-06 03:30:00,157.589,157.649,157.548,157.623,1302,157.43233333333333,157.78634319999998,
2025-01-06 03:45:00,157.623,157.661,157.548,157.605,1136,157.44866666666667,157.76760260799998,
2025-01-06 04:00:00,157.607,157.626,157.56,157.59,1154,157.46109523809523,157.74998645152,
2025-01-06 04:15:00,157.594,157.68,157.556,157.649,1226,157.47523809523813,157.7334272644288,
2025-01-06 04:30:00,157.648,157.763,157.646,157.723,1020,157.49419047619048,,
2025-01-06 04:45:00,157.724,157.748,157.673,157.707,1326,157.51261904761904,,
2025-01-06 05:00:00,157.705,157.742,157.644,157.685,1213,157.53338095238095,,
2025-01-06 05:15:00,157.686,157.722,157.663,157.669,1020,157.5555238095238,,sell
2025-01-06 05:30:00,157.668,157.759,157.646,157.75,1211,157.58152380952382,,
2025-01-06 05:45:00,157.749,157.777,157.694,157.703,1088,157.6044761904762,,sell
2025-01-06 06:00:00,157.704,157.743,157.672,157.706,1134,157.6232380952381,,
2025-01-06 06:15:00,157.706,157.719,157.645,157.704,999,157.6332380952381,,
2025-01-06 06:30:00,157.704,157.727,157.67,157.683,767,157.64557142857143,,
2025-01-06 06:45:00,157.682,157.719,157.682,157.711,557,157.65952380952382,,
2025-01-06 07:00:00,157.712,157.752,157.664,157.75,963,157.6717619047619,,
2025-01-06 07:15:00,157.751,157.797,157.739,157.769,924,157.67566666666667,,
2025-01-06 07:30:00,157.769,157.784,157.737,157.753,828,157.67747619047617,,
2025-01-06 07:45:00,157.754,157.774,157.718,157.767,750,157.67852380952382,,
2025-01-06 08:00:00,157.768,157.781,157.697,157.705,763,157.68457142857145,,
2025-01-06 08:15:00,157.706,157.737,157.644,157.678,982,157.69138095238094,,
2025-01-06 08:30:00,157.677,157.697,157.618,157.659,1146,157.69471428571427,157.797,
2025-01-06 08:45:00,157.658,157.71,157.619,157.644,1048,157.69571428571427,157.79342,
2025-01-06 09:00:00,157.642,157.643,157.573,157.607,1104,157.69580952380952,157.7899116,
2025-01-06 09:15:00,157.606,157.614,157.545,157.55,911,157.69390476190478,157.78123513600002,
2025-01-06 09:30:00,157.551,157.631,157.522,157.606,975,157.69185714285715,157.76706102784001,
2025-01-06 09:45:00,157.606,157.683,157.598,157.65,933,157.68838095238092,157.7474561456128,
2025-01-06 10:00:00,157.652,157.711,157.606,157.666,1228,157.68642857142856,157.7294196539638,
2025-01-06 10:15:00,157.666,157.753,157.643,157.694,1280,157.68685714285715,,
2025-01-06 10:30:00,157.694,157.752,157.656,157.73,1068,157.68976190476192,,
2025-01-06 10:45:00,157.73,157.749,157.628,157.652,1137,157.68509523809524,,
2025-01-06 11:00:00,157.653,157.711,157.578,157.695,2035,157.68471428571428,,
2025-01-06 11:15:00,157.696,157.728,157.664,157.678,1038,157.68338095238096,,
2025-01-06 11:30:00,157.68,157.694,157.651,157.691,963,157.6827619047619,,
2025-01-06 11:45:00,157.693,157.756,157.665,157.726,1159,157.68480952380952,,
2025-01-06 12:00:00,157.725,157.745,157.673,157.726,978,157.68552380952383,,
2025-01-06 12:15:00,157.726,157.862,157.726,157.846,829,157.69009523809524,,
2025-01-06 12:30:00,157.848,157.864,157.821,157.841,946,157.6935238095238,,
2025-01-06 12:45:00,157.84,157.906,157.828,157.892,899,157.70014285714285,,
2025-01-06 13:00:00,157.892,157.953,157.57,157.652,1593,157.69466666666665,157.953,
2025-01-06 13:15:00,157.661,157.68,157.324,157.34,2717,157.67728571428572,157.953,sell
2025-01-06 13:30:00,157.335,157.383,157.157,157.349,3137,157.66161904761907,157.953,
2025-01-06 13:45:00,157.351,157.418,157.152,157.187,2318,157.63914285714287,157.90524,
2025-01-06 14:00:00,157.188,157.198,156.825,157.091,2757,157.61280952380952,157.8449808,
2025-01-06 14:15:00,157.091,157.158,156.953,157.009,1902,157.58433333333335,157.74298272,
2025-01-06 14:30:00,157.007,157.113,156.728,156.735,2441,157.54552380952381,157.65118444799998,
2025-01-06 14:45:00,156.733,156.853,156.605,156.774,2239,157.50590476190476,157.54040231424,
2025-01-06 15:00:00,156.772,156.8,156.511,156.511,2483,157.45166666666668,157.4094459902464,
2025-01-06 15:15:00,156.512,156.551,156.227,156.288,2575,157.38604761904762,157.26569463180698,
2025-01-06 15:30:00,156.288,156.716,156.282,156.657,2828,157.33666666666667,157.07872959808174,
2025-01-06 15:45:00,156.656,156.68,156.541,156.601,1891,157.28290476190475,156.92541827042703,
2025-01-06 16:00:00,156.603,156.8,156.454,156.786,2286,157.24166666666665,,
2025-01-06 16:15:00,156.788,157.34,156.786,157.165,4254,157.21642857142857,,
2025-01-06 16:30:00,157.163,157.411,157.087,157.316,2721,157.19919047619047,,buy
2025-01-06 16:45:00,157.316,157.322,157.148,157.271,2478,157.17919047619048,,
2025-01-06 17:00:00,157.268,157.518,157.183,157.406,2620,157.1639523809524,,
2025-01-06 17:15:00,157.406,157.595,157.395,157.553,2372,157.15571428571428,,
2025-01-06 17:30:00,157.554,157.635,157.516,157.615,2041,157.1447142857143,,
2025-01-06 17:45:00,157.618,157.644,157.465,157.521,2443,157.1294761904762,,
2025-01-06 18:00:00,157.52,157.536,157.406,157.472,1681,157.1094761904762,,
2025-01-06 18:15:00,157.471,157.488,157.378,157.379,1591,157.0964761904762,,
2025-01-06 18:30:00,157.378,157.465,157.335,157.452,1560,157.10180952380952,,
2025-01-06 18:45:00,157.452,157.6,157.429,157.533,1815,157.1105714285714,,
2025-01-06 19:00:00,157.532,157.562,157.487,157.546,1497,157.12766666666667,,
2025-01-06 19:15:00,157.545,157.553,157.494,157.517,875,157.14795238095238,,
2025-01-06 19:30:00,157.517,157.567,157.516,157.547,828,157.17357142857142,,
2025-01-06 19:45:00,157.547,157.587,157.456,157.497,1159,157.20985714285712,,
2025-01-06 20:00:00,157.497,157.659,157.49,157.608,1475,157.24957142857141,,
2025-01-06 20:15:00,157.607,157.61,157.423,157.439,807,157.2937619047619,157.659,
2025-01-06 20:30:00,157.44,157.526,157.419,157.5,932,157.35147619047618,157.659,
2025-01-06 20:45:00,157.5,157.545,157.44,157.527,1204,157.39290476190476,157.64939999999999,
2025-01-06 21:00:00,157.528,157.582,157.466,157.575,1208,157.43928571428575,157.64018399999998,
2025-01-06 21:15:00,157.576,157.577,157.512,157.52,752,157.47423809523812,157.63133663999997,
2025-01-06 21:30:00,157.522,157.526,157.462,157.497,836,157.49004761904763,157.62284317439997,
2025-01-06 21:45:00,157.497,157.565,157.478,157.535,971,157.50047619047618,157.61468944742398,
2025-01-06 22:00:00,157.536,157.536,157.481,157.511,829,157.51190476190476,157.60686186952702,sell
2025-01-06 22:15:00,157.509,157.585,157.508,157.571,756,157.5197619047619,157.59934739474593,
2025-01-06 22:30:00,157.572,157.624,157.569,157.6,791,157.522,,
2025-01-06 22:45:00,157.602,157.617,157.578,157.612,1047,157.52185714285713,,
2025-01-06 23:00:00,157.611,157.637,157.605,157.626,447,157.52685714285712,,
2025-01-06 23:15:00,157.625,157.649,157.585,157.587,554,157.53233333333333,,
2025-01-06 23:30:00,157.58,157.617,157.579,157.592,378,157.54247619047618,,sell
2025-01-06 23:45:00,157.592,157.64,157.561,157.561,511,157.5476666666667,,
2025-01-07 00:00:00,157.496,157.595,157.478,157.595,28,157.55061904761905,,
2025-01-07 00:15:00,157.595,157.616,157.576,157.579,94,157.55219047619048,,
2025-01-07 00:30:00,157.579,157.579,157.559,157.578,69,157.55509523809525,,
2025-01-07 00:45:00,157.577,157.626,157.571,157.599,288,157.5575714285714,,
2025-01-07 01:00:00,157.598,157.754,157.592,157.753,435,157.56976190476192,,
2025-01-07 01:15:00,157.753,157.785,157.743,157.76,591,157.577,,
2025-01-07 01:30:00,157.76,157.8,157.731,157.746,787,157.59161904761905,,
2025-01-07 01:45:00,157.746,157.786,157.7,157.732,930,157.60266666666666,,
2025-01-07 02:00:00,157.732,157.942,157.723,157.886,1871,157.6197619047619,,
2025-01-07 02:15:00,157.888,158.144,157.881,158.13,1888,157.64619047619047,,
2025-01-07 02:30:00,158.131,158.163,158.064,158.11,2039,157.6742857142857,,
2025-01-07 02:45:00,158.111,158.212,157.96,158.091,2904,157.70257142857142,,
2025-01-07 03:00:00,158.09,158.298,158.031,158.253,2203,157.73676190476192,,
2025-01-07 03:15:00,158.255,158.314,158.183,158.291,1632,157.77390476190476,,
2025-01-07 03:30:00,158.29,158.405,158.283,158.374,1658,157.81214285714285,,
2025-01-07 03:45:00,158.373,158.39,158.237,158.299,1695,157.84542857142856,,
2025-01-07 04:00:00,158.301,158.306,158.129,158.216,1701,157.87419047619045,158.405,
2025-01-07 04:15:00,158.217,158.271,158.215,158.265,1032,157.90461904761904,158.39948,
2025-01-07 04:30:00,158.265,158.308,158.262,158.281,1045,157.93766666666664,158.3940704,
2025-01-07 04:45:00,158.282,158.3,158.221,158.269,1047,157.96990476190476,158.388768992,
2025-01-07 05:00:00,158.27,158.299,158.205,158.212,1109,158.00090476190476,158.38357361216,
2025-01-07 05:15:00,158.213,158.239,158.164,158.186,947,158.02904761904762,158.3784821399168,sell
2025-01-07 05:30:00,158.187,158.228,158.12,158.127,1196,158.05514285714284,158.37349249711846,
2025-01-07 05:45:00,158.128,158.14,158.075,158.111,728,158.0805238095238,158.36335279723372,
2025-01-07 06:00:00,158.111,158.144,158.06,158.082,973,158.1035238095238,158.34605162939968,
2025-01-07 06:15:00,158.083,158.093,158.028,158.048,1045,158.11757142857144,158.3231674990477,
2025-01-07 06:30:00,158.048,158.069,158.008,158.011,996,158.12952380952382,158.29365074914296,
2025-01-07 06:45:00,158.011,158.086,158.011,158.069,959,158.14490476190477,158.2593726592458,
2025-01-07 07:00:00,158.068,158.143,158.054,158.055,1101,158.16028571428572,158.2292079401363,
2025-01-07 07:15:00,158.055,158.055,157.956,157.994,1122,158.16542857142858,158.20266298731994,
2025-01-07 07:30:00,157.994,157.998,157.793,157.799,1472,158.14966666666666,158.16813016909515,
2025-01-07 07:45:00,157.8,157.864,157.778,157.851,1110,158.13733333333334,158.10810934203994,
2025-01-07 08:00:00,157.851,157.851,157.668,157.737,1470,158.1204761904762,158.04868966047275,
2025-01-07 08:15:00,157.738,157.807,157.709,157.779,1360,158.09790476190477,157.9725517283782,
2025-01-07 08:30:00,157.776,157.823,157.672,157.762,1542,158.07271428571428,157.91164138270256,
2025-01-07 08:45:00,157.769,157.836,157.7,157.746,1196,158.04280952380952,157.86291310616204,
2025-01-07 09:00:00,157.742,157.782,157.641,157.687,1818,158.01366666666667,157.836,
2025-01-07 09:15:00,157.687,157.694,157.538,157.606,1764,157.98461904761905,157.836,
2025-01-07 09:30:00,157.608,157.61,157.498,157.531,2126,157.94966666666667,157.782,
2025-01-07 09:45:00,157.53,157.614,157.442,157.486,2361,157.91180952380952,157.7252,
2025-01-07 10:00:00,157.485,157.589,157.393,157.423,2873,157.8715238095238,157.66856,
2025-01-07 10:15:00,157.422,157.521,157.392,157.508,2305,157.838,157.614,
2025-01-07 10:30:00,157.51,157.59,157.449,157.453,1907,157.80309523809524,,
2025-01-07 10:45:00,157.454,157.53,157.391,157.415,1832,157.76919047619046,157.59,
2025-01-07 11:00:00,157.415,157.565,157.363,157.553,1934,157.74261904761906,157.59,
2025-01-07 11:15:00,157.553,157.636,157.528,157.595,1412,157.71942857142858,,
2025-01-07 11:30:00,157.596,157.67,157.589,157.647,1465,157.70033333333333,,
2025-01-07 11:45:00,157.648,157.651,157.49,157.59,1373,157.68028571428573,,buy
2025-01-07 12:00:00,157.593,157.661,157.551,157.655,1577,157.66057142857142,,
2025-01-07 12:15:00,157.654,157.706,157.607,157.691,1331,157.6432380952381,,
2025-01-07 12:30:00,157.69,157.741,157.676,157.738,1409,157.63104761904762,,
2025-01-07 12:45:00,157.736,157.769,157.684,157.738,1203,157.62814285714285,,
2025-01-07 13:00:00,157.738,157.792,157.708,157.77,1168,157.62428571428572,,
2025-01-07 13:15:00,157.771,157.838,157.77,157.799,1185,157.62723809523808,,
2025-01-07 13:30:00,157.799,157.807,157.672,157.676,1350,157.62233333333333,,
2025-01-07 13:45:00,157.675,157.717,157.611,157.7,1162,157.61938095238096,,
2025-01-07 14:00:00,157.701,157.802,157.672,157.784,766,157.6211904761905,,
2025-01-07 14:15:00,157.785,157.84,157.728,157.773,1108,157.62528571428572,,
2025-01-07 14:30:00,157.774,157.82,157.74,157.799,1329,157.6344761904762,,
2025-01-07 14:45:00,157.8,157.815,157.687,157.729,1505,157.64390476190476,,
2025-01-07 15:00:00,157.728,157.729,157.605,157.605,1281,157.64957142857142,157.84,
2025-01-07 15:15:00,157.605,157.68,157.569,157.647,1349,157.66023809523807,157.8353,
2025-01-07 15:30:00,157.645,157.71,157.619,157.671,1174,157.668,157.824648,
2025-01-07 15:45:00,157.67,157.772,157.643,157.66,1465,157.67785714285714,157.81442207999999,
2025-01-07 16:00:00,157.658,157.689,157.523,157.645,1990,157.68880952380954,157.8046051968,
2025-01-07 16:15:00,157.645,157.72,157.619,157.701,1159,157.69585714285716,157.78770888499199,buy
2025-01-07 16:30:00,157.698,157.787,157.63,157.785,1555,157.70490476190474,,
2025-01-07 16:45:00,157.781,157.824,157.698,157.729,1628,157.70880952380952,,
2025-01-07 17:00:00,157.722,158.414,157.722,158.319,4077,157.74352380952382,,
2025-01-07 17:15:00,158.32,158.327,158.109,158.162,2310,157.76766666666668,,
2025-01-07 17:30:00,158.16,158.208,157.983,158.101,2844,157.78719047619046,,
2025-01-07 17:45:00,158.099,158.116,157.866,157.929,3689,157.79628571428572,,
2025-01-07 18:00:00,157.929,158.001,157.826,157.968,2889,157.80723809523812,,
2025-01-07 18:15:00,157.967,158.029,157.865,157.993,2403,157.81785714285712,,
2025-01-07 18:30:00,157.993,158.016,157.605,157.783,3611,157.81709523809522,158.414,
2025-01-07 18:45:00,157.782,157.885,157.742,157.821,1921,157.82399999999998,158.39782,sell
2025-01-07 19:00:00,157.82,157.84,157.759,157.832,2045,157.8302857142857,158.3819636,
2025-01-07 19:15:00,157.832,157.833,157.684,157.759,2154,157.82909523809525,158.366424328,
2025-01-07 19:30:00,157.759,157.759,157.611,157.668,1467,157.82409523809523,158.35119584144,
2025-01-07 19:45:00,157.669,157.733,157.647,157.684,1338,157.81861904761905,158.3362719246112,
2025-01-07 20:00:00,157.686,157.769,157.619,157.732,1618,157.8187619047619,158.32164648611896,
2025-01-07 20:15:00,157.731,157.734,157.573,157.676,1380,157.82214285714286,158.3073135563966,
2025-01-07 20:30:00,157.676,157.904,157.672,157.871,1277,157.83280952380952,158.27794101414074,
2025-01-07 20:45:00,157.87,157.883,157.818,157.83,1245,157.84038095238097,158.24974337357511,
2025-01-07 21:00:00,157.83,157.855,157.767,157.785,1018,157.84633333333332,158.2226736386321,
2025-01-07 21:15:00,157.785,157.829,157.759,157.769,794,157.85223809523808,158.19668669308683,
2025-01-07 21:30:00,157.769,157.819,157.76,157.769,693,157.85547619047617,158.17173922536335,
2025-01-07 21:45:00,157.769,157.81,157.745,157.767,1169,157.85461904761905,158.1477896563488,
2025-01-07 22:00:00,157.767,157.775,157.728,157.744,919,157.8553333333333,158.12479807009484,
2025-01-07 22:15:00,157.745,157.76,157.728,157.747,789,157.82809523809524,158.10272614729104,
2025-01-07 22:30:00,157.749,157.807,157.745,157.785,982,157.81014285714286,158.0815371013994,
2025-01-07 22:45:00,157.789,157.861,157.788,157.86,893,157.79866666666666,158.06119561734343,buy
2025-01-07 23:00:00,157.859,157.978,157.858,157.964,458,157.80033333333333,158.0416677926497,
2025-01-07 23:15:00,157.964,157.984,157.933,157.953,528,157.79961904761905,158.0229210809437,
2025-01-07 23:30:00,157.957,158.045,157.953,158.025,424,157.80114285714285,,
2025-01-07 23:45:00,158.026,158.085,158.019,158.031,786,157.8129523809524,,
2025-01-08 00:00:00,157.99,157.994,157.952,157.973,53,157.82019047619048,,
2025-01-08 00:15:00,157.971,158.003,157.956,157.999,86,157.82814285714286,,
2025-01-08 00:30:00,157.999,158.014,157.964,158.012,91,157.84019047619046,,
2025-01-08 00:45:00,158.012,158.036,158.0,158.009,143,157.85642857142858,,
2025-01-08 01:00:00,158.009,158.209,158.009,158.155,591,157.87885714285716,,
2025-01-08 01:15:00,158.155,158.183,158.13,158.146,851,157.89857142857142,,
2025-01-08 01:30:00,158.145,158.232,158.108,158.179,824,157.92252380952382,,
2025-01-08 01:45:00,158.178,158.232,158.128,158.211,1016,157.9387142857143,,
2025-01-08 02:00:00,158.21,158.218,158.09,158.12,1842,157.95252380952383,,
2025-01-08 02:15:00,158.12,158.121,157.919,157.956,1397,157.9606666666667,,
2025-01-08 02:30:00,157.956,158.014,157.89,157.996,1808,157.97147619047618,,sell
2025-01-08 02:45:00,157.997,158.168,157.957,158.16,2127,157.99009523809525,,
2025-01-08 03:00:00,158.16,158.165,157.98,158.006,1636,158.00147619047618,,
2025-01-08 03:15:00,158.006,158.075,157.966,157.97,999,158.0122380952381,,
2025-01-08 03:30:00,157.971,158.035,157.921,158.03,1141,158.0257142857143,158.232,
2025-01-08 03:45:00,158.029,158.052,157.953,157.956,872,158.03385714285716,158.22578,
2025-01-08 04:00:00,157.956,157.98,157.921,157.971,954,158.03914285714285,158.21968439999998,
2025-01-08 04:15:00,157.969,158.048,157.962,158.022,859,158.04190476190476,158.21371071199997,
2025-01-08 04:30:00,158.022,158.051,158.003,158.041,650,158.04609523809523,158.20785649775996,
2025-01-08 04:45:00,158.042,158.133,158.04,158.089,805,158.04914285714287,158.20211936780476,
2025-01-08 05:00:00,158.09,158.144,158.063,158.143,876,158.0544761904762,158.19649698044867,
2025-01-08 05:15:00,158.143,158.196,158.132,158.192,723,158.06490476190478,,
2025-01-08 05:30:00,158.192,158.207,158.162,158.189,982,158.07395238095236,,
2025-01-08 05:45:00,158.189,158.193,158.145,158.184,956,158.08214285714286,,
2025-01-08 06:00:00,158.185,158.197,158.149,158.177,504,158.09014285714287,,
2025-01-08 06:15:00,158.178,158.252,158.168,158.187,573,158.09166666666664,,
2025-01-08 06:30:00,158.187,158.248,158.163,158.248,743,158.0965238095238,,
2025-01-08 06:45:00,158.253,158.253,158.214,158.216,653,158.0982857142857,,
2025-01-08 07:00:00,158.215,158.255,158.188,158.202,728,158.09785714285712,,
2025-01-08 07:15:00,158.201,158.207,158.118,158.118,811,158.0977619047619,,sell
2025-01-08 07:30:00,158.118,158.169,158.087,158.127,876,158.10590476190475,,
2025-01-08 07:45:00,158.127,158.173,158.099,158.166,808,158.114,,
2025-01-08 08:00:00,158.165,158.165,158.053,158.053,1066,158.10890476190474,158.255,
2025-01-08 08:15:00,158.053,158.095,158.023,158.047,871,158.11085714285713,158.25096,
2025-01-08 08:30:00,158.047,158.071,157.978,158.029,1069,158.1136666666667,158.2418416,
2025-01-08 08:45:00,158.029,158.064,158.012,158.038,1176,158.11404761904762,158.22601110399998,
2025-01-08 09:00:00,158.038,158.039,157.921,157.932,1734,158.11290476190476,158.21113043775998,
2025-01-08 09:15:00,157.933,158.039,157.913,157.93,1493,158.11095238095237,158.1879200027392,
2025-01-08 09:30:00,157.93,158.077,157.929,158.024,1363,158.1110476190476,158.16042800246527,
2025-01-08 09:45:00,158.023,158.123,158.01,158.101,1364,158.11390476190476,158.13568520221875,
2025-01-08 10:00:00,158.1,158.202,158.09,158.128,1661,158.11576190476188,,
2025-01-08 10:15:00,158.128,158.201,158.118,158.191,1407,158.11804761904762,,
2025-01-08 10:30:00,158.19,158.275,158.159,158.198,1604,158.11833333333334,,
2025-01-08 10:45:00,158.198,158.255,158.151,158.236,1324,158.12057142857142,,
2025-01-08 11:00:00,158.235,158.237,158.041,158.067,1512,158.115,,
2025-01-08 11:15:00,158.066,158.178,158.055,158.139,1323,158.11319047619048,,
2025-01-08 11:30:00,158.139,158.172,158.083,158.161,1075,158.11195238095237,,
2025-01-08 11:45:00,158.162,158.177,158.134,158.149,938,158.1072380952381,,
2025-01-08 12:00:00,158.154,158.211,158.138,158.162,923,158.10466666666667,,
2025-01-08 12:15:00,158.164,158.238,158.161,158.233,982,158.10614285714286,,
2025-01-08 12:30:00,158.233,158.311,158.22,158.297,866,158.11466666666666,,
2025-01-08 12:45:00,158.297,158.338,158.279,158.316,1007,158.12366666666668,,
2025-01-08 13:00:00,158.316,158.365,158.304,158.36,1079,158.13290476190477,,
2025-01-08 13:15:00,158.362,158.44,158.318,158.437,1401,158.1511904761905,,
2025-01-08 13:30:00,158.437,158.543,158.437,158.462,2046,158.1709523809524,,
2025-01-08 13:45:00,158.463,158.466,158.338,158.362,1376,158.18680952380953,,
2025-01-08 14:00:00,158.363,158.44,158.341,158.439,1272,158.20590476190478,,
2025-01-08 14:15:00,158.44,158.49,158.397,158.436,1491,158.22990476190478,,
2025-01-08 14:30:00,158.435,158.537,158.427,158.469,1574,158.25557142857141,,
2025-01-08 14:45:00,158.468,158.522,158.425,158.494,1449,158.27795238095237,,
2025-01-08 15:00:00,158.496,158.496,158.266,158.367,2353,158.29061904761906,158.543,
2025-01-08 15:15:00,158.369,158.37,158.177,158.317,2607,158.29961904761907,158.53746,sell
2025-01-08 15:30:00,158.303,158.363,158.162,158.279,3255,158.30380952380952,158.5230416,
2025-01-08 15:45:00,158.279,158.321,158.194,158.209,2747,158.30433333333335,158.501379104,
2025-01-08 16:00:00,158.209,158.262,158.131,158.244,2541,158.3047142857143,158.48101635775998,
2025-01-08 16:15:00,158.245,158.423,158.243,158.404,2049,158.32076190476192,158.4530150491392,
2025-01-08 16:30:00,158.407,158.456,158.354,158.356,2399,158.33109523809523,,
2025-01-08 16:45:00,158.356,158.394,158.289,158.341,2279,158.33966666666666,,
2025-01-08 17:00:00,158.34,158.34,158.217,158.219,2325,158.343,,
2025-01-08 17:15:00,158.219,158.368,158.208,158.331,1949,158.35104761904762,,
2025-01-08 17:30:00,158.331,158.388,158.288,158.355,2084,158.35685714285714,,
2025-01-08 17:45:00,158.355,158.41,158.327,158.361,1832,158.35990476190477,,
2025-01-08 18:00:00,158.362,158.431,158.362,158.389,1765,158.36338095238094,,
2025-01-08 18:15:00,158.39,158.406,158.279,158.357,1891,158.36323809523807,,
2025-01-08 18:30:00,158.358,158.374,158.283,158.346,1714,158.35890476190474,,
2025-01-08 18:45:00,158.347,158.408,158.302,158.313,1934,158.35180952380952,,
2025-01-08 19:00:00,158.313,158.391,158.301,158.373,1355,158.35233333333332,,
2025-01-08 19:15:00,158.372,158.431,158.371,158.384,1195,158.3497142857143,,
2025-01-08 19:30:00,158.384,158.486,158.371,158.454,1233,158.3505714285714,,
2025-01-08 19:45:00,158.453,158.474,158.382,158.383,1299,158.3464761904762,,
2025-01-08 20:00:00,158.381,158.42,158.26,158.42,1895,158.3429523809524,,
2025-01-08 20:15:00,158.42,158.441,158.37,158.396,1096,158.3443333333333,,
2025-01-08 20:30:00,158.397,158.455,158.354,158.428,1144,158.34961904761903,,
2025-01-08 20:45:00,158.422,158.492,158.415,158.426,1068,158.35661904761903,,
2025-01-08 21:00:00,158.427,158.509,158.405,158.469,1345,158.369,,
2025-01-08 21:15:00,158.469,158.47,158.343,158.353,1258,158.37419047619045,,sell
2025-01-08 21:30:00,158.354,158.453,158.354,158.45,1160,158.37638095238094,,
2025-01-08 21:45:00,158.45,158.484,158.408,158.454,1017,158.38104761904762,,
2025-01-08 22:00:00,158.453,158.453,158.36,158.416,1053,158.38461904761905,,sell
2025-01-08 22:15:00,158.417,158.417,158.381,158.415,934,158.39395238095238,,
2025-01-08 22:30:00,158.415,158.417,158.333,158.334,644,158.39409523809522,158.509,
2025-01-08 22:45:00,158.333,158.367,158.321,158.349,1202,158.39380952380952,158.50547999999998,
2025-01-08 23:00:00,158.353,158.38,158.345,158.356,501,158.39357142857142,158.49810079999997,
2025-01-08 23:15:00,158.358,158.389,158.345,158.372,345,158.3927619047619,158.49101676799998,
2025-01-08 23:30:00,158.372,158.424,158.362,158.369,523,158.39333333333332,158.48421609727998,
2025-01-08 23:45:00,158.365,158.368,158.324,158.324,723,158.39228571428572,158.4776874533888,
2025-01-09 00:00:00,158.315,158.315,158.236,158.246,39,158.38909523809522,158.47141995525325,
2025-01-09 00:15:00,158.238,158.256,158.219,158.225,71,158.3820476190476,158.45729475793806,
2025-01-09 00:30:00,158.225,158.277,158.222,158.264,190,158.37633333333332,158.438231177303,
2025-01-09 00:45:00,158.265,158.304,158.255,158.294,261,158.36871428571428,158.42069268311877,
2025-01-09 01:00:00,158.295,158.385,158.283,158.323,335,158.36585714285715,158.40455726846926,
2025-01-09 01:15:00,158.322,158.37,158.32,158.334,736,158.3617619047619,158.38971268699171,
2025-01-09 01:30:00,158.334,158.334,158.229,158.256,879,158.35509523809523,158.385,
2025-01-09 01:45:00,158.263,158.267,158.166,158.177,709,158.34314285714285,158.37171999999998,
2025-01-09 02:00:00,158.177,158.204,158.09,158.108,1279,158.32800000000003,158.351148,
2025-01-09 02:15:00,158.109,158.207,158.104,158.18,920,158.3142380952381,158.31981024,
2025-01-09 02:30:00,158.179,158.289,158.179,158.27,1233,158.31028571428573,158.2922330112,
2025-01-09 02:45:00,158.27,158.317,158.217,158.255,1728,158.301,,
2025-01-09 03:00:00,158.255,158.277,158.13,158.169,1258,158.28742857142856,,
2025-01-09 03:15:00,158.173,158.177,158.093,158.131,1064,158.27385714285714,158.317,
2025-01-09 03:30:00,158.131,158.14,158.061,158.073,964,158.25757142857142,158.31252,
2025-01-09 03:45:00,158.072,158.117,158.06,158.097,822,158.2462857142857,158.30245920000002,
2025-01-09 04:00:00,158.088,158.129,158.048,158.07,1108,158.233,158.287911648,
2025-01-09 04:15:00,158.069,158.078,157.977,158.065,984,158.21914285714288,158.26871871616,
2025-01-09 04:30:00,158.066,158.113,158.053,158.059,658,158.20423809523808,158.239546844544,
2025-01-09 04:45:00,158.059,158.084,158.034,158.079,472,158.19042857142858,158.21329216008962,
2025-01-09 05:00:00,158.078,158.084,157.916,157.961,1072,158.17314285714286,158.18966294408065,
2025-01-09 05:15:00,157.962,157.965,157.906,157.934,995,158.1582857142857,158.15682339079098,
2025-01-09 05:30:00,157.934,157.957,157.903,157.948,968,158.14509523809525,158.12170811608024,
2025-01-09 05:45:00,157.946,158.003,157.913,157.964,874,158.13080952380955,158.0867148175074,
2025-01-09 06:00:00,157.964,157.967,157.812,157.817,1471,158.10809523809525,158.05732044670623,
2025-01-09 06:15:00,157.817,157.843,157.751,157.804,936,158.08338095238094,158.0131627662991,
2025-01-09 06:30:00,157.804,157.875,157.796,157.864,1138,158.061,157.967,
2025-01-09 06:45:00,157.865,157.947,157.864,157.915,763,158.0447619047619,,
2025-01-09 07:00:00,157.917,158.128,157.885,158.072,1536,158.03976190476192,,buy
2025-01-09 07:15:00,158.074,158.075,157.982,158.055,1009,158.0372380952381,,
2025-01-09 07:30:00,158.056,158.136,158.051,158.099,1158,158.03338095238095,,
2025-01-09 07:45:00,158.106,158.115,158.023,158.046,860,158.02271428571427,,
2025-01-09 08:00:00,158.046,158.185,158.022,158.143,1172,158.01738095238093,,
2025-01-09 08:15:00,158.144,158.179,158.088,158.141,1177,158.0160476190476,,
2025-01-09 08:30:00,158.141,158.175,158.1,158.135,1023,158.01623809523812,,
2025-01-09 08:45:00,158.134,158.164,158.107,158.139,1213,158.01938095238097,,
2025-01-09 09:00:00,158.14,158.188,158.047,158.077,1673,158.0184285714286,,
2025-01-09 09:15:00,158.077,158.162,158.068,158.113,1316,158.0204761904762,,
2025-01-09 09:30:00,158.111,158.144,158.014,158.03,1374,158.01880952380952,,
2025-01-09 09:45:00,158.029,158.195,158.027,158.18,1235,158.02457142857142,,
2025-01-09 10:00:00,158.179,158.277,158.154,158.167,1932,158.02876190476192,,
2025-01-09 10:15:00,158.167,158.171,158.054,158.107,1457,158.03571428571428,,
2025-01-09 10:30:00,158.104,158.151,158.063,158.096,1476,158.0434285714286,,
2025-01-09 10:45:00,158.097,158.166,158.056,158.121,1306,158.05166666666668,158.277,
2025-01-09 11:00:00,158.122,158.166,158.049,158.087,1190,158.0575238095238,158.27257999999998,
2025-01-09 11:15:00,158.086,158.109,158.046,158.077,1133,158.06990476190475,158.26363679999997,
2025-01-09 11:30:00,158.076,158.096,158.0,158.096,1095,158.08380952380952,158.25057859199998,
2025-01-09 11:45:00,158.095,158.108,158.044,158.071,911,158.09366666666668,158.23053230463998,
2025-01-09 12:00:00,158.072,158.089,157.993,158.021,770,158.0987142857143,158.21208972026878,
2025-01-09 12:15:00,158.021,158.03,157.944,157.969,867,158.09380952380954,158.19018074824191,
2025-01-09 12:30:00,157.969,158.073,157.969,158.072,1193,158.09461904761903,158.1606390584529,
2025-01-09 12:45:00,158.071,158.081,157.97,157.983,1088,158.08909523809524,158.13464237143853,
2025-01-09 13:00:00,157.982,158.014,157.913,157.913,1206,158.0827619047619,158.1117652868659,
2025-01-09 13:15:00,157.912,157.965,157.912,157.941,787,158.07314285714287,158.08393814670467,
2025-01-09 13:30:00,157.941,157.966,157.829,157.834,1547,158.05852380952382,158.05642804323193,
2025-01-09 13:45:00,157.834,157.902,157.812,157.897,1225,158.04719047619048,158.0154909954502,
2025-01-09 14:00:00,157.897,157.917,157.733,157.749,1185,158.02861904761903,157.97479279636016,
2025-01-09 14:15:00,157.75,157.763,157.642,157.737,1404,158.01242857142856,157.92643423708813,
2025-01-09 14:30:00,157.738,157.748,157.655,157.672,885,157.99142857142857,157.917,
2025-01-09 14:45:00,157.672,157.765,157.666,157.739,1067,157.97757142857142,157.862,
2025-01-09 15:00:00,157.738,157.746,157.661,157.726,1210,157.9559523809524,157.81799999999998,
2025-01-09 15:15:00,157.727,157.835,157.697,157.724,1429,157.93485714285714,,
2025-01-09 15:30:00,157.725,157.726,157.574,157.59,1643,157.91023809523807,157.835,
2025-01-09 15:45:00,157.591,157.665,157.563,157.646,1378,157.88880952380953,157.835,
2025-01-09 16:00:00,157.645,157.773,157.642,157.715,1492,157.86947619047618,157.82412,
2025-01-09 16:15:00,157.714,157.746,157.71,157.744,268,157.85314285714287,157.8136752,
